<shortcuts>
	<shortcut>
		<defaultID />
		<label>Addon Skin</label>
		<label2>Elément personnalisé</label2>
		<icon>DefaultShortcut.png</icon>
		<thumb>special://skin/extras/icons/filebox.png</thumb>
		<action>ActivateWindow(Programs,"plugin://plugin.program.skinrayflix",return)</action>
		</shortcut>
	<shortcut>
		<defaultID>plugin.program.preniumuptobox</defaultID>
		<label>Prenium Uptobox</label>
		<label2>Elément personnalisé</label2>
		<icon>DefaultShortcut.png</icon>
		<thumb>special://skin/extras/icons/_uptobox1.png</thumb>
		<action>ActivateWindow(Programs,"plugin://plugin.program.skinrayflix/?action=menuKey",return)</action>
		</shortcut>
	<shortcut>
		<defaultID />
		<label>sauvegarde restauration</label>
		<label2>Elément personnalisé</label2>
		<icon>DefaultShortcut.png</icon>
		<thumb>special://skin/extras/icons/wizard.png</thumb>
		<action>ActivateWindow(Programs,"plugin://plugin.program.skinrayflix/?action=save_restor",return)</action>
		</shortcut>
	<shortcut>
		<defaultID />
		<label>Nettoyage (Vide Cache, Tmp, Packages et thumbnails) redemarrez ensuite</label>
		<label2>Elément personnalisé</label2>
		<icon>DefaultShortcut.png</icon>
		<thumb>special://skin/extras/icons/wand.png</thumb>
		<action>ActivateWindow(Programs,"plugin://plugin.program.skinrayflix/?action=nettoye",return)</action>
		</shortcut>
	</shortcuts>
