<shortcuts>
	<shortcut>
		<defaultID />
		<label>Dessin Anime Super Heros</label>
		<label2>Elément personnalisé</label2>
		<icon>DefaultShortcut.png</icon>
		<thumb>special://skin/extras/icons/warning.png</thumb>
		<action>ActivateWindow(Videos,"plugin://plugin.video.vstream/?site=pastebin&amp;function=showMovies&amp;title=Dessin+Anime+Super+Heros&amp;siteUrl=https%3A%2F%2Fpastebin.com%2Fraw%2F%26numPage%3D1%26sMedia%3Dfilm%26pasteID%3D3%26sGroupe%3DDessin+Anime+Super+Heros&amp;sFav=showMovies",return)</action>
		</shortcut>
	<shortcut>
		<defaultID />
		<label>Anime Super Heros</label>
		<label2>Elément personnalisé</label2>
		<icon>DefaultShortcut.png</icon>
		<thumb>special://skin/extras/icons/favourites.png</thumb>
		<action>ActivateWindow(Videos,"plugin://plugin.video.vstream/?site=pastebin&amp;function=showMovies&amp;title=Anime+Super+Heros&amp;siteUrl=https%3A%2F%2Fpastebin.com%2Fraw%2F%26numPage%3D1%26sMedia%3Dserie%26pasteID%3D3%26sGroupe%3DAnime+Super+Heros&amp;sFav=showMovies",return)</action>
		</shortcut>
	<shortcut>
		<defaultID />
		<label>Pokemon Films</label>
		<label2>Elément personnalisé</label2>
		<icon>DefaultShortcut.png</icon>
		<thumb>special://skin/extras/icons/cricket.png</thumb>
		<action>ActivateWindow(Videos,"plugin://plugin.video.vstream/?site=pastebin&amp;function=showMovies&amp;title=Pokemon&amp;siteUrl=https%3A%2F%2Fpastebin.com%2Fraw%2F%26numPage%3D1%26sMedia%3Dfilm%26pasteID%3D7%26sGroupe%3DMangas%2BOAV%26sGroupe%3DMangas+OAV%3APokemon&amp;sFav=showMovies",return)</action>
		</shortcut>
	<shortcut>
		<defaultID />
		<label>Dragon Ball Films</label>
		<label2>Elément personnalisé</label2>
		<icon>DefaultShortcut.png</icon>
		<thumb>special://skin/extras/icons/userrating.png</thumb>
		<action>ActivateWindow(Videos,"plugin://plugin.video.vstream/?site=pastebin&amp;function=showMovies&amp;title=Dragon+Ball&amp;siteUrl=https%3A%2F%2Fpastebin.com%2Fraw%2F%26numPage%3D1%26sMedia%3Dfilm%26pasteID%3D7%26sGroupe%3DMangas%2BOAV%26sGroupe%3DMangas+OAV%3ADragon+Ball&amp;sFav=showMovies",return)</action>
		</shortcut>
	<shortcut>
		<defaultID />
		<label>Naruto</label>
		<label2>Elément personnalisé</label2>
		<icon>DefaultShortcut.png</icon>
		<thumb>special://skin/extras/icons/boxing.png</thumb>
		<action>ActivateWindow(Videos,"plugin://plugin.video.vstream/?site=pastebin&amp;function=showSerieSaisons&amp;title=Naruto&amp;siteUrl=https%3A%2F%2Fpastebin.com%2Fraw%2F%26sMedia%3Danime%26pasteID%3D7%26sYear%3D2002%26idTMDB%3D46260%26sTitle%3DNaruto&amp;sMovieTitle=Naruto&amp;sTmdbId=46260&amp;sYear=2002&amp;saisonUrl=https%3A%2F%2Fpastebin.com%2Fraw%2F%26sMedia%3Danime%26pasteID%3D7%26sYear%3D2002%26idTMDB%3D46260%26sTitle%3DNaruto&amp;nextSaisonFunc=showSerieSaisons&amp;sMeta=4&amp;sFav=showSerieSaisons&amp;sCat=3",return)</action>
		</shortcut>
	<shortcut>
		<defaultID />
		<label>One Piece</label>
		<label2>Elément personnalisé</label2>
		<icon>DefaultShortcut.png</icon>
		<thumb>special://skin/extras/icons/diamond.png</thumb>
		<action>ActivateWindow(Videos,"plugin://plugin.video.vstream/?site=pastebin&amp;function=showSerieSaisons&amp;title=One+Piece&amp;siteUrl=https%3A%2F%2Fpastebin.com%2Fraw%2F%26sMedia%3Danime%26pasteID%3D7%26sYear%3D1999%26idTMDB%3D37854%26sTitle%3DOne+Piece&amp;sMovieTitle=One+Piece&amp;sTmdbId=37854&amp;sYear=1999&amp;saisonUrl=https%3A%2F%2Fpastebin.com%2Fraw%2F%26sMedia%3Danime%26pasteID%3D7%26sYear%3D1999%26idTMDB%3D37854%26sTitle%3DOne%2BPiece&amp;nextSaisonFunc=showSerieSaisons&amp;sMeta=4&amp;sFav=showSerieSaisons&amp;sCat=3",return)</action>
		</shortcut>
	</shortcuts>
